{
  "project_info": {
    "project_number": "320696061633",
    "firebase_url": "https://ring-30c80.firebaseio.com",
    "project_id": "ring-30c80",
    "storage_bucket": "ring-30c80.appspot.com"
  },
  "client": [
    {
      "client_info": {
        "mobilesdk_app_id": "1:320696061633:android:1f6b7acd071f37b2f14e40",
        "android_client_info": {
          "package_name": "com.example.safetyring"
        }
      },
      "oauth_client": [
        {
          "client_id": "320696061633-66h6snup1i0ueue9t8f9kut4kp79aeh4.apps.googleusercontent.com",
          "client_type": 3
        }
      ],
      "api_key": [
        {
          "current_key": "AIzaSyCseTBfi4W4kIlrDtf_pKan2tyKK-wThZs"
        }
      ],
      "services": {
        "appinvite_service": {
          "other_platform_oauth_client": [
            {
              "client_id": "320696061633-66h6snup1i0ueue9t8f9kut4kp79aeh4.apps.googleusercontent.com",
              "client_type": 3
            }
          ]
        }
      }
    }
  ],
  "configuration_version": "1"
}